dataset_id,n_train,n_test,n_features,n_classes,accuracy,f1_weighted,logloss,fit_seconds,predict_seconds,status,error
ASP-POTASSCO-classification,1035,259,141,11,0.42084942084942084,0.40385422013219774,1.6671285015820552,13.837579250335693,8.503832340240479,ok,
Click_prediction_small,31958,7990,3,2,0.8315394242803504,0.755056435003232,0.4388899706797601,0.6522138118743896,8.124419927597046,ok,
Customer_Personality_Analysis,1792,448,24,2,0.9040178571428571,0.893550240625016,0.25195117979286513,0.4367377758026123,0.8393161296844482,ok,
Data_Science_for_Good_Kiva_Crowdfunding,536964,134241,11,4,0.9447337251659329,0.9445739849474356,,3.596996307373047,4539.856753826141,ok,
