dataset_id,n_train,n_test,n_features,n_classes,accuracy,f1_weighted,logloss,fit_seconds,predict_seconds,status,error
OpenML-ID-1043,0,0,0,,,,,0.0,0.0,fail,RuntimeError: PytorchStreamReader failed reading file data/145: file read failed
OpenML-ID-1494,844,211,41,2.0,0.8862559241706162,0.8854084739220404,0.29705099194476076,4.021926403045654,6.005267858505249,ok,
OpenML-ID-22,1600,400,47,10.0,0.82,0.8164164201310345,0.286748186045634,0.6637356281280518,1.0505990982055664,ok,
OpenML-ID-23512,78440,19610,28,2.0,0.7185109637939827,0.7181847370203425,0.5433304952803601,1.5915095806121826,115.68943357467651,ok,
OpenML-ID-41150,104051,26013,50,2.0,0.9424518509975781,0.9425693331383703,0.1465361473453875,2.143989324569702,209.7273552417755,ok,
OpenML-ID-41159,16000,4000,4296,2.0,0.8345,0.8310073553007692,0.3811810960885831,31.16748595237732,11016.098831892014,ok,
