dataset_id,n_train,n_test,n_features,n_classes,accuracy,f1_weighted,logloss,fit_seconds,predict_seconds,status,error
Basketball_c,1072,268,11,2,0.7126865671641791,0.7112085072156479,0.5787559407822412,3.2247302532196045,11.063174724578857,ok,
CDC_Diabetes_Health_Indicators,202944,50736,21,2,0.8678058971933144,0.8341444861210711,0.31181877842645456,2.3939783573150635,636.6296453475952,ok,
