dataset_id,n_train,n_test,n_features,n_classes,accuracy,f1_weighted,logloss,fit_seconds,predict_seconds,status,error
OpenML-ID-1067,1687,422,21,2,0.8744075829383886,0.8507473154099917,0.2972196908366015,3.1523687839508057,7.169135808944702,ok,
OpenML-ID-1494,844,211,41,2,0.8862559241706162,0.8854084739220404,0.29705099194476076,0.6794064044952393,0.6242351531982422,ok,
OpenML-ID-1567,820007,205002,10,10,0.5682042126418279,0.5458196246930278,,4.087515830993652,10081.622005939484,ok,
