dataset_id,n_train,n_test,n_features,n_classes,accuracy,f1_weighted,logloss,fit_seconds,predict_seconds,status,error
OpenML-ID-10,118,30,18,4,0.9333333333333333,0.9321548821548821,0.15597615595435876,3.1877670288085938,6.607423305511475,ok,
OpenML-ID-1493,1279,320,64,100,0.890625,0.8840203373015871,0.4985547615745764,0.7073278427124023,5.1233742237091064,ok,
OpenML-ID-41150,104051,26013,50,2,0.9424518509975781,0.9425693331383703,0.1465361473453875,2.1493818759918213,205.9880621433258,ok,
