dataset_id,n_train,n_test,n_features,n_classes,accuracy,f1_weighted,logloss,fit_seconds,predict_seconds,status,error
OpenML-ID-14,1600,400,76,10,0.8925,0.8914332770823257,0.3059394066480801,3.2009973526000977,7.689455270767212,ok,
OpenML-ID-1565,235,59,13,5,0.711864406779661,0.6711729889695991,0.7593287384802776,0.6779553890228271,0.22699451446533203,ok,
OpenML-ID-23512,78440,19610,28,2,0.7185109637939827,0.7181847370203425,0.5433304952803601,1.577751874923706,113.9415328502655,ok,
