dataset_id,n_train,n_test,n_features,n_classes,accuracy,f1_weighted,logloss,fit_seconds,predict_seconds,status,error
OpenML-ID-1067,1687,422,21,2,0.8744075829383886,0.8507473154099917,0.2972196908366015,3.2059032917022705,6.911593198776245,ok,
OpenML-ID-1475,4894,1224,51,6,0.6315359477124183,0.609603365188116,1.0888459579189198,0.7280209064483643,3.092240333557129,ok,
OpenML-ID-1494,844,211,41,2,0.8862559241706162,0.8854084739220404,0.29705099194476076,0.4775581359863281,0.6349856853485107,ok,
OpenML-ID-151,36249,9063,8,2,0.8721174004192872,0.8718498865195978,0.29138587533734345,0.5195872783660889,27.02937626838684,ok,
OpenML-ID-40701,4000,1000,20,2,0.946,0.9428223596995139,0.15901533406261675,0.5179667472839355,1.711301326751709,ok,
OpenML-ID-40923,73600,18400,1024,46,0.8007065217391305,0.7994395528517267,0.7438931888394184,29.633608102798462,2810.6435840129852,ok,
