dataset_id,n_train,n_test,n_features,n_classes,accuracy,f1_weighted,logloss,fit_seconds,predict_seconds,status,error
OpenML-ID-12,1600,400,216,10,0.9675,0.9673947837768975,0.12762262682054307,3.40751051902771,9.890278816223145,ok,
OpenML-ID-1487,2027,507,72,2,0.9546351084812623,0.9455028296657255,0.12437283941392645,0.7564911842346191,1.6670050621032715,ok,
OpenML-ID-1590,39073,9769,14,2,0.8534138601699253,0.8477633340399913,0.31227512890110637,0.6953098773956299,32.62084078788757,ok,
OpenML-ID-40927,48000,12000,3072,10,0.5220833333333333,0.5156330910553646,1.3584114277219703,75.64068174362183,10000.047332525253,ok,
